revenue,cost_of_sales,gross_profit,operating_income,profit_before_tax,net_income,total_assets,current_assets,cash,receivables,inventory,total_liabilities,current_liabilities,total_equity,operating_cash_flow,capex,year,report_code,category,period,fs_div,revenue_growth_pct,gross_margin_pct,operating_margin_pct,net_margin_pct,roa_pct,roe_pct,current_ratio_pct,quick_ratio_pct,debt_to_equity_pct,inventory_turnover,dso,cfo_conversion_pct,free_cash_flow
7569330839945.0,6186192535140.0,1383138304805.0,-59832025818.0,39058650859.0,25685765743.0,16225303457752.0,4773880158248.0,1287968374149.0,1203289301635.0,749950201656.0,4972110604907.0,3201335106805.0,11253192852845.0,881066558064.0,725906415683.0,2015,11011,annual,2015-11011,,,18.27,-0.79,0.34,0.16,0.23,149.12,125.7,44.18,8.25,58.02,3430.17,155160142381.0
5200822510213.0,4450250017519.0,750572492694.0,-926332633992.0,-820693892467.0,211111190212.0,14900311234207.0,3958265726800.0,1011701875328.0,1046794723821.0,729058574260.0,3936201007249.0,2212795893287.0,10964110226958.0,-1309519499261.0,832629248011.0,2016,11011,annual,2016-11011,,-31.29,14.43,-17.81,4.06,1.42,1.93,178.88,145.93,35.9,6.1,73.47,-620.3,-2142148747272.0
1317241427588.0,1084971160170.0,232270267418.0,-54165426887.0,-46234449418.0,955810825452.0,15886721947545.0,5375261241781.0,1038384056146.0,1059856531043.0,628016883072.0,4685321568588.0,2809237512234.0,11201400378957.0,-842322049144.0,512737741889.0,2016,11012,half_year,2016-11012,,,17.63,-4.11,72.56,6.02,8.53,191.34,168.99,41.83,1.73,293.68,-88.13,-1355059791033.0
1290705975689.0,1146914539704.0,143791435985.0,-703758326315.0,-869157041052.0,-717233567701.0,15256809959738.0,5075548253957.0,947005182260.0,992546026742.0,619002676618.0,5028728387794.0,3357431588045.0,10228081571944.0,-123073788371.0,164274562838.0,2016,11013,quarterly,2016-11013,,,11.14,-54.53,-55.57,-4.7,-7.01,151.17,132.74,49.17,1.85,280.68,17.16,-287348351209.0
1289989982137.0,1109488291301.0,180501690836.0,-110389148238.0,-4889400198.0,-35166313566.0,15243770091514.0,4589035021559.0,1047648661219.0,975325934041.0,673644063114.0,4126836233328.0,2308271269640.0,11116933858186.0,-1251481361813.0,585171541671.0,2016,11014,quarterly,2016-11014,,,13.99,-8.56,-2.73,-0.23,-0.32,198.81,169.62,37.12,1.65,275.97,3558.75,-1836652903484.0
6321560921969.0,5152472076172.0,1169088845797.0,116894786518.0,824064878556.0,643193862964.0,15751476329733.0,3605075720088.0,1209015663790.0,1218252689424.0,966571644365.0,4299476832291.0,2670359532470.0,11451999497442.0,-250114337079.0,991466935920.0,2017,11011,annual,2017-11011,,21.55,18.49,1.85,10.17,4.08,5.62,135.0,98.81,37.54,5.33,70.34,-38.89,-1241581272999.0
1454310799174.0,1186012804410.0,268297994764.0,5464162638.0,231558070933.0,186593245824.0,15244087897070.0,3490835445868.0,1020539586676.0,1111019330427.0,787005792898.0,4085520822170.0,2353420211453.0,11158567074900.0,-9396581814.0,616202551658.0,2017,11012,half_year,2017-11012,,10.41,18.45,0.38,12.83,1.22,1.67,148.33,114.89,36.61,1.51,278.84,-5.04,-625599133472.0
1304779107036.0,1089354771934.0,215424335102.0,-67324560137.0,84406599238.0,81653755730.0,14682063200777.0,3484588085485.0,1002395272751.0,1014541243833.0,686399595770.0,3898300791516.0,2230406610086.0,10783762409261.0,51151788909.0,341019192750.0,2017,11013,quarterly,2017-11013,,1.09,16.51,-5.16,6.26,0.56,0.76,156.23,125.46,36.15,1.59,283.81,62.64,-289867403841.0
1708005320174.0,1380287713654.0,327717606520.0,60157003245.0,174865844105.0,,15600335198265.0,3715118625725.0,777050412380.0,1423716336682.0,920501294680.0,4342465284250.0,2772767486723.0,11257869914015.0,-290380545741.0,834569531458.0,2017,11014,quarterly,2017-11014,,32.4,19.19,3.52,,,,133.99,100.79,38.57,1.5,304.25,,-1124950077199.0
9158272454945.0,7118188528425.0,2040083926520.0,714970606151.0,1036233637433.0,745049185447.0,19349721183929.0,5519342209666.0,1516585546977.0,1851185858690.0,1745650833399.0,7124501967739.0,4012822498262.0,12225219216190.0,260609735389.0,2146134809196.0,2018,11011,annual,2018-11011,,44.87,22.28,7.81,8.14,3.85,6.09,137.54,94.04,58.28,4.08,73.78,34.98,-1885525073807.0
2247955562862.0,1763750091293.0,484205471569.0,152801918413.0,141166719176.0,104677077983.0,16890462037885.0,4601840716315.0,1222989041370.0,1754186739676.0,1363958301680.0,5134791712612.0,3224880369500.0,11755670325273.0,-184849891120.0,778099301747.0,2018,11012,half_year,2018-11012,,54.57,21.54,6.8,4.66,0.62,0.89,142.7,100.4,43.68,1.29,284.83,-176.59,-962949192867.0
1908874317210.0,1532627490492.0,376246826718.0,71968640041.0,197487425298.0,160273440564.0,16343312554723.0,4250328745928.0,865638073888.0,1467115494855.0,1120162918853.0,4697117677587.0,3003784925570.0,11646194877136.0,-186040044212.0,395865234088.0,2018,11013,quarterly,2018-11013,,46.3,19.71,3.77,8.4,0.98,1.38,141.5,104.21,40.33,1.37,280.53,-116.08,-581905278300.0
2522796294050.0,1921827413944.0,600968880106.0,241542458635.0,306347172535.0,214092435385.0,18425974558943.0,5362620713640.0,1790008007850.0,1812146862239.0,1487353216062.0,6390574284800.0,3461645307888.0,12035400274143.0,121993637789.0,1353007421526.0,2018,11014,quarterly,2018-11014,,47.7,23.82,9.57,8.49,1.16,1.78,154.92,111.95,53.1,1.29,262.18,56.98,-1231013783737.0
10097426164132.0,7882255450606.0,2215170713526.0,462176462269.0,564642231368.0,402366429569.0,19852096448004.0,5181414896890.0,1156295420684.0,2015345598328.0,1707920528827.0,7191751252868.0,3741522650216.0,12660345195136.0,923071632668.0,1898302351538.0,2019,11011,annual,2019-11011,,10.25,21.94,4.58,3.98,2.03,3.18,138.48,92.84,56.81,4.62,72.85,229.41,-975230718870.0
2404505708738.0,1874018820767.0,530486887971.0,157297745543.0,216967139120.0,160200994690.0,19765807258363.0,5216672499880.0,1385275729699.0,1687097666856.0,1805940741612.0,7248584680800.0,3546800224586.0,12517222577563.0,497837547143.0,922902794643.0,2019,11012,half_year,2019-11012,,6.96,22.06,6.54,6.66,0.81,1.28,147.08,96.16,57.91,1.04,256.1,310.76,-425065247500.0
2304063855366.0,1772997183178.0,531066672188.0,118798090448.0,70474722382.0,57896315369.0,19554270209306.0,5411887868817.0,1374456337843.0,1887235074250.0,1797889398970.0,7244721232338.0,3731925934308.0,12309548976968.0,28559390052.0,488424783445.0,2019,11013,quarterly,2019-11013,,20.7,23.05,5.16,2.51,0.3,0.47,145.02,96.84,58.85,0.99,298.97,49.33,-459865393393.0
2567937571530.0,1996841919152.0,571095652378.0,165957224767.0,300395013368.0,217371635030.0,19736996217646.0,5142640923694.0,965238912951.0,1873478276299.0,2001272284828.0,6981375568954.0,3388138215019.0,12755620648692.0,705955953462.0,1530164937774.0,2019,11014,quarterly,2019-11014,,1.79,22.24,6.46,8.46,1.1,1.7,151.78,92.72,54.73,1.0,266.29,324.77,-824208984312.0
11294770446035.0,8914217432960.0,2380553013075.0,671335358424.0,803410633660.0,630966297526.0,21534232266829.0,5657405165394.0,1545974321801.0,1870381153317.0,1810785260639.0,8175305378713.0,4983633140961.0,13358926888116.0,1948820240507.0,1728269788047.0,2020,11011,annual,2020-11011,,11.86,21.08,5.94,5.59,2.93,4.72,113.52,77.19,61.2,4.92,60.44,308.86,220550452460.0
2558614011125.0,2039595647415.0,519018363710.0,103814071410.0,85591726432.0,47696807401.0,20539962732324.0,5614982393940.0,1521816102164.0,1861135896372.0,1903329084779.0,7887838809741.0,4754460320474.0,12652123922583.0,747746061572.0,736032887586.0,2020,11012,half_year,2020-11012,,6.41,20.29,4.06,1.86,0.23,0.38,118.1,78.07,62.34,1.07,265.5,1567.71,11713173986.0
2397530029531.0,1939087955257.0,458442074274.0,53971595756.0,-9635811425.0,728532029.0,19886909228403.0,5387839091930.0,1323713486756.0,1851180937500.0,1863477438800.0,7422640142719.0,3816071540468.0,12464269085684.0,350685174924.0,394928019315.0,2020,11013,quarterly,2020-11013,,4.06,19.12,2.25,0.03,0.0,0.01,141.19,92.36,59.55,1.04,281.82,48135.86,-44242844391.0
3087240977278.0,2384339495608.0,702901481670.0,267351332365.0,298161998109.0,240688533453.0,20809397616941.0,5565795823943.0,1337341226744.0,1936307630863.0,1964086119033.0,7844724722005.0,4919827563539.0,12964672894936.0,1276375180329.0,1250764034522.0,2020,11014,quarterly,2020-11014,,20.22,22.77,8.66,7.8,1.16,1.86,113.13,73.21,60.51,1.21,228.93,530.3,25611145807.0
13553220248796.0,10475602069114.0,3077618179682.0,1067575600497.0,1663335322229.0,1250401560241.0,25833192996936.0,7444907068203.0,2325692348376.0,2195425598789.0,2487316318701.0,10636493682081.0,6461285795016.0,15196699314855.0,2176027358565.0,2254718265711.0,2021,11011,annual,2021-11011,,20.0,22.71,7.88,9.23,4.84,8.23,115.22,76.73,69.99,4.21,59.12,174.03,-78690907146.0
3334269868460.0,2566167416846.0,768102451614.0,295201786329.0,396120793652.0,288320819012.0,23215380587492.0,6440591931752.0,1837329650889.0,1976778032849.0,2031002313842.0,9030670366197.0,4971128271346.0,14184710221295.0,896856529527.0,834802662879.0,2021,11012,half_year,2021-11012,,30.32,23.04,8.85,8.65,1.24,2.03,129.56,88.7,63.66,1.26,216.4,311.06,62053866648.0
2963210903981.0,2356930869324.0,606280034657.0,133171965163.0,205316780797.0,150012553591.0,21922841096152.0,5770462156755.0,1551339942042.0,1863370399163.0,1861798300564.0,8280533730939.0,4983978686572.0,13642307365213.0,269617542831.0,256916329114.0,2021,11013,quarterly,2021-11013,,23.59,20.46,4.49,5.06,0.68,1.1,115.78,78.42,60.7,1.27,229.52,179.73,12701213717.0
3439792617779.0,2571947148732.0,867845469047.0,373486648108.0,550646825026.0,420424347477.0,24521226789741.0,6912905562776.0,1823695462719.0,2119209105621.0,2505096683674.0,9646678336978.0,5114463053040.0,14874548452763.0,1595668235192.0,1666094742528.0,2021,11014,quarterly,2021-11014,,11.42,25.23,10.86,12.22,1.71,2.83,135.16,86.18,64.85,1.03,224.87,379.54,-70426507336.0
20124069515854.0,15903322834044.0,4220746681810.0,1808013013202.0,612913940744.0,2039361447986.0,30257525171127.0,9651702375329.0,2614271849898.0,2933814798893.0,3204515834716.0,13040023014999.0,8006938827488.0,17217502156128.0,2641096163726.0,2808898170363.0,2022,11011,annual,2022-11011,,48.48,20.97,8.98,10.13,6.74,11.84,120.54,80.52,75.74,4.96,53.21,129.51,-167802006637.0
4740773127096.0,3727993814613.0,1012779312483.0,429028021539.0,119566731291.0,409232883211.0,28841886693090.0,9418214454246.0,2484027565408.0,3053435173362.0,3357963446013.0,12793801897185.0,7550663650961.0,16048084795905.0,1349488701766.0,1316271041153.0,2022,11012,half_year,2022-11012,,42.18,21.36,9.05,8.63,1.42,2.55,124.73,80.26,79.72,1.11,235.09,329.76,33217660613.0
4049426948561.0,3193858714028.0,855568234533.0,322298745961.0,453896235788.0,362655891813.0,27004998013827.0,8063272111788.0,2232223244581.0,2613395497819.0,2630529984996.0,11344740612184.0,6717646188501.0,15660257401643.0,761733970646.0,729173024530.0,2022,11013,quarterly,2022-11013,,36.66,21.13,7.96,8.96,1.34,2.32,120.03,80.87,72.44,1.21,235.56,210.04,32560946116.0
5367961148872.0,4194021626009.0,1173939522863.0,565880336828.0,228114295653.0,638298117668.0,30367368304672.0,10343888361422.0,3201124573364.0,3081503987853.0,3565439645529.0,13460319658240.0,8291376859375.0,16907048646432.0,1977532431864.0,1992751358575.0,2022,11014,quarterly,2022-11014,,56.05,21.87,10.54,11.89,2.1,3.78,124.75,81.75,79.61,1.18,209.53,309.81,-15218926711.0
22708300498633.0,18726384091221.0,3981916407412.0,1633368964768.0,2486144016958.0,2066046562201.0,34038860192967.0,9187029193265.0,1524461361452.0,3402869054756.0,3297368930324.0,14131610215445.0,8518933137070.0,19907249977522.0,2103521513959.0,4048246715878.0,2023,11011,annual,2023-11011,,12.84,17.54,7.19,9.1,6.07,10.38,107.84,69.14,70.99,5.68,54.7,101.81,-1944725201919.0
5840582434068.0,4811955792285.0,1028626641783.0,450192670421.0,583200471512.0,485836628570.0,32902818668470.0,10437387294283.0,1962103442076.0,3218274629860.0,3235820340511.0,14450199096000.0,9489195708680.0,18452619572470.0,1447253920245.0,1495216465694.0,2023,11012,half_year,2023-11012,,23.2,17.61,7.71,8.32,1.48,2.63,109.99,75.89,78.31,1.49,201.12,297.89,-47962545449.0
5354844754963.0,4403367015664.0,951477739299.0,375384853209.0,561272909330.0,464512200416.0,32407353429307.0,10746785739030.0,2868539944342.0,3133173943386.0,3304137552676.0,14408160991166.0,9108724119001.0,17999192438141.0,492448236501.0,626982941523.0,2023,11013,quarterly,2023-11013,,32.24,17.77,7.01,8.67,1.43,2.58,117.98,81.71,80.05,1.33,213.57,106.01,-134534705022.0
5948108273682.0,4923526130495.0,1024582143187.0,496003670489.0,760422347153.0,622352721763.0,33546758694772.0,9879255030970.0,1407432723064.0,3667828333884.0,3341386426346.0,14322743369797.0,9091773124392.0,19224015324975.0,1677832486169.0,2443607884868.0,2023,11014,quarterly,2023-11014,,10.81,17.23,8.34,10.46,1.86,3.24,108.66,71.91,74.5,1.47,225.07,269.6,-765775398699.0
16592248884388.0,13498684888608.0,3093563995780.0,363304463263.0,527321921564.0,575512415979.0,40597344536357.0,10334312926481.0,1885068694001.0,4042229664106.0,2879441809212.0,19030107423830.0,10855694147360.0,21567237112527.0,-137613377776.0,6271319040013.0,2024,11011,annual,2024-11011,,-26.93,18.64,2.19,3.47,1.42,2.67,95.2,68.67,88.24,4.69,88.92,-23.91,-6408932417789.0
4450134429064.0,3461333992676.0,988800436388.0,280220396631.0,377350801922.0,301156745531.0,37782725624726.0,9968558065196.0,1709005959001.0,4076259777957.0,3638086487024.0,16593153240193.0,10609204128141.0,21189572384533.0,-624588545948.0,2826451416162.0,2024,11012,half_year,2024-11012,,-23.81,22.22,6.3,6.77,0.8,1.42,93.96,59.67,78.31,0.95,334.33,-207.4,-3451039962110.0
5130893462037.0,4243087383094.0,887806078943.0,267381306037.0,293253457230.0,286688700744.0,35450632904425.0,10044640726000.0,2354712505487.0,3610482746454.0,3348782648460.0,14845547227380.0,9831985570437.0,20605085677045.0,-357721003118.0,810356273640.0,2024,11013,quarterly,2024-11013,,-4.18,17.3,5.21,5.59,0.81,1.39,102.16,68.1,72.05,1.27,256.84,-124.78,-1168077276758.0
3935667456781.0,3177866454518.0,757801002263.0,3649760734.0,266543179020.0,230400523584.0,38144876705492.0,10130072752355.0,1621780314118.0,3864848871207.0,3223790270627.0,17009666691956.0,10706160387904.0,21135210013536.0,-513333484598.0,4077815043422.0,2024,11014,quarterly,2024-11014,,-33.83,19.25,0.09,5.85,0.6,1.09,94.62,64.51,80.48,0.99,358.43,-222.8,-4591148528020.0
13266730679499.0,11804981379541.0,1461749299958.0,289964965354.0,,-584875358534.0,42255338580919.0,8739928568764.0,1803994237947.0,3078592799490.0,2936331872805.0,18685225421089.0,9794852795190.0,23570113159830.0,792385760879.0,3066850926743.0,2025,11011,annual,2025-11011,,-20.04,11.02,2.19,-4.41,-1.38,-2.48,89.23,59.25,79.28,4.02,84.7,-135.48,-2274465165864.0
3179406065745.0,2898755511533.0,280650554212.0,8771960583.0,,-166735071101.0,41436902741678.0,10498362679931.0,2154360852647.0,3790466647442.0,2583141252449.0,18758307614321.0,9602134272323.0,22678595127357.0,701590527261.0,1871435587240.0,2025,11012,half_year,2025-11012,,-28.55,8.83,0.28,-5.24,-0.4,-0.74,109.33,82.43,82.71,1.12,435.15,-420.78,-1169845059979.0
3176817731170.0,2974487110762.0,202330620408.0,5620842148.0,,-215955155323.0,40710066512032.0,9734509114578.0,1352829640800.0,4214540547757.0,2764806312540.0,19173119213294.0,10095549772058.0,21536947298738.0,172292536340.0,873982080726.0,2025,11013,quarterly,2025-11013,,-38.08,6.37,0.18,-6.8,-0.53,-1.0,96.42,69.04,89.02,1.08,484.23,-79.78,-701689544386.0
3051820635180.0,2883502985433.0,168317649747.0,268637021786.0,,5664301476.0,42174547789943.0,9894087411783.0,2148591669592.0,3894103626778.0,2669063201097.0,18701671190133.0,9518987269677.0,23472876599810.0,460211317221.0,2410436379824.0,2025,11014,quarterly,2025-11014,,-22.46,5.52,8.8,0.19,0.01,0.02,103.94,75.9,79.67,1.08,465.74,8124.77,-1950225062603.0
3768808123247.0,2831510504382.0,937297618865.0,0.0,,471625761952.0,47621891099845.0,9701386081772.0,1505499926429.0,3742835721524.0,3675536764333.0,20785671482148.0,12649764640239.0,26836219617697.0,109386315168.0,1125909860259.0,2026,11012,half_year,2026-11012,,18.54,24.87,0.0,12.51,0.99,1.76,76.69,47.64,77.45,0.77,362.48,23.19,-1016523545091.0
3576353183422.0,2991594317941.0,584758865481.0,0.0,,56110855928.0,44506274451489.0,8995625279356.0,1737722394309.0,3125759619617.0,3330087464583.0,19596352221381.0,10305045070780.0,24909922230108.0,85212739917.0,591412378144.0,2026,11013,quarterly,2026-11013,,12.58,16.35,0.0,1.57,0.13,0.23,87.29,54.98,78.67,0.9,319.01,151.86,-506199638227.0
